competition_id,season_id,country_name,competition_name,season_name,gender,youth,international,n_matches,n_matches_with_events,n_matches_with_360,share_matches_with_360,events_mb,three_sixty_mb,match_date_min,match_date_max,declared_360_available
9,27,Germany,1. Bundesliga,2015/2016,male,False,False,34,34,0,0.0,100.0,0.0,2015-08-15,2016-05-14,False
9,281,Germany,1. Bundesliga,2023/2024,male,False,False,34,34,34,1.0,119.2,289.1,2023-08-19,2024-05-18,True
1267,107,Africa,African Cup of Nations,2023,male,False,True,52,52,1,0.019230769230769232,139.7,0.0,2024-01-13,2024-02-11,True
16,276,Europe,Champions League,1970/1971,male,False,False,1,1,0,0.0,3.0,0.0,1971-06-02,1971-06-02,False
16,71,Europe,Champions League,1971/1972,male,False,False,1,1,0,0.0,2.6,0.0,1972-05-31,1972-05-31,False
16,277,Europe,Champions League,1972/1973,male,False,False,1,1,0,0.0,2.7,0.0,1973-05-30,1973-05-30,False
16,76,Europe,Champions League,1999/2000,male,False,False,1,1,0,0.0,2.9,0.0,1999-11-23,1999-11-23,False
16,44,Europe,Champions League,2003/2004,male,False,False,1,1,0,0.0,2.7,0.0,2004-05-26,2004-05-26,False
16,37,Europe,Champions League,2004/2005,male,False,False,1,1,0,0.0,4.0,0.0,2005-05-25,2005-05-25,False
16,39,Europe,Champions League,2006/2007,male,False,False,1,1,0,0.0,2.6,0.0,2007-05-23,2007-05-23,False
16,41,Europe,Champions League,2008/2009,male,False,False,1,1,0,0.0,2.9,0.0,2009-05-27,2009-05-27,False
16,21,Europe,Champions League,2009/2010,male,False,False,1,1,0,0.0,3.0,0.0,2010-05-22,2010-05-22,False
16,22,Europe,Champions League,2010/2011,male,False,False,1,1,0,0.0,3.7,0.0,2011-05-28,2011-05-28,False
16,23,Europe,Champions League,2011/2012,male,False,False,1,1,0,0.0,4.0,0.0,2012-05-19,2012-05-19,False
16,24,Europe,Champions League,2012/2013,male,False,False,1,1,0,0.0,2.9,0.0,2013-05-25,2013-05-25,False
16,25,Europe,Champions League,2013/2014,male,False,False,1,1,0,0.0,3.7,0.0,2014-05-24,2014-05-24,False
16,26,Europe,Champions League,2014/2015,male,False,False,1,1,0,0.0,2.9,0.0,2015-06-06,2015-06-06,False
16,27,Europe,Champions League,2015/2016,male,False,False,1,1,0,0.0,4.1,0.0,2016-05-28,2016-05-28,False
16,2,Europe,Champions League,2016/2017,male,False,False,1,1,0,0.0,2.9,0.0,2017-06-03,2017-06-03,False
16,1,Europe,Champions League,2017/2018,male,False,False,1,1,0,0.0,3.0,0.0,2018-05-26,2018-05-26,False
16,4,Europe,Champions League,2018/2019,male,False,False,1,1,0,0.0,2.8,0.0,2019-06-01,2019-06-01,False
223,282,South America,Copa America,2024,male,False,True,32,32,0,0.0,86.8,0.0,2024-06-21,2024-07-15,False
87,279,Spain,Copa del Rey,1977/1978,male,False,False,1,1,0,0.0,2.5,0.0,1978-04-19,1978-04-19,False
87,268,Spain,Copa del Rey,1982/1983,male,False,False,1,1,0,0.0,2.2,0.0,1983-06-04,1983-06-04,False
87,84,Spain,Copa del Rey,1983/1984,male,False,False,1,1,0,0.0,2.2,0.0,1984-05-05,1984-05-05,False
37,4,England,FA Women's Super League,2018/2019,female,False,False,107,107,0,0.0,308.0,0.0,2018-09-09,2019-05-11,False
37,42,England,FA Women's Super League,2019/2020,female,False,False,87,87,0,0.0,253.8,0.0,2019-09-07,2020-02-23,False
37,90,England,FA Women's Super League,2020/2021,female,False,False,131,131,0,0.0,383.6,0.0,2020-09-05,2021-05-09,False
37,281,England,FA Women's Super League,2023/2024,female,False,False,132,132,0,0.0,429.1,0.0,2023-10-01,2024-05-18,False
1470,274,International,FIFA U20 World Cup,1979,male,True,True,1,1,0,0.0,2.8,0.0,1979-09-07,1979-09-07,False
43,269,International,FIFA World Cup,1958,male,False,True,2,2,0,0.0,6.2,0.0,1958-06-24,1958-06-29,False
43,270,International,FIFA World Cup,1962,male,False,True,1,1,0,0.0,3.2,0.0,1962-05-30,1962-05-30,False
43,272,International,FIFA World Cup,1970,male,False,True,6,6,0,0.0,17.3,0.0,1970-06-03,1970-06-21,False
43,51,International,FIFA World Cup,1974,male,False,True,6,6,0,0.0,16.4,0.0,1974-06-19,1974-07-07,False
43,54,International,FIFA World Cup,1986,male,False,True,3,3,0,0.0,7.3,0.0,1986-06-22,1986-06-29,False
43,55,International,FIFA World Cup,1990,male,False,True,1,1,0,0.0,2.7,0.0,1990-06-24,1990-06-24,False
43,3,International,FIFA World Cup,2018,male,False,True,64,64,0,0.0,192.4,0.0,2018-06-14,2018-07-15,False
43,106,International,FIFA World Cup,2022,male,False,True,64,64,64,1.0,199.6,459.7,2022-11-20,2022-12-18,True
135,281,Germany,Frauen Bundesliga,2023/2024,female,False,False,132,132,0,0.0,398.4,0.0,2023-09-15,2024-05-20,False
1238,108,India,Indian Super league,2021/2022,male,False,False,115,115,0,0.0,300.4,0.0,2021-11-19,2022-03-20,False
11,278,Spain,La Liga,1973/1974,male,False,False,1,1,0,0.0,2.6,0.0,1974-02-17,1974-02-17,False
11,37,Spain,La Liga,2004/2005,male,False,False,7,7,0,0.0,19.0,0.0,2004-10-16,2005-05-01,False
11,38,Spain,La Liga,2005/2006,male,False,False,17,17,0,0.0,49.6,0.0,2005-10-01,2006-02-25,False
11,39,Spain,La Liga,2006/2007,male,False,False,26,26,0,0.0,79.6,0.0,2006-08-28,2007-06-17,False
11,40,Spain,La Liga,2007/2008,male,False,False,27,27,0,0.0,83.2,0.0,2007-08-26,2008-05-17,False
11,41,Spain,La Liga,2008/2009,male,False,False,31,31,0,0.0,92.2,0.0,2008-08-31,2009-05-10,False
11,21,Spain,La Liga,2009/2010,male,False,False,35,35,0,0.0,110.5,0.0,2009-09-12,2010-05-16,False
11,22,Spain,La Liga,2010/2011,male,False,False,33,33,0,0.0,112.0,0.0,2010-08-29,2011-05-11,False
11,23,Spain,La Liga,2011/2012,male,False,False,37,37,0,0.0,125.3,0.0,2011-08-29,2012-05-12,False
11,24,Spain,La Liga,2012/2013,male,False,False,32,32,0,0.0,111.7,0.0,2012-08-19,2013-05-12,False
11,25,Spain,La Liga,2013/2014,male,False,False,31,31,0,0.0,101.5,0.0,2013-08-18,2014-05-17,False
11,26,Spain,La Liga,2014/2015,male,False,False,38,38,0,0.0,122.8,0.0,2014-08-24,2015-05-23,False
11,27,Spain,La Liga,2015/2016,male,False,False,380,380,0,0.0,1121.6,0.0,2015-08-21,2016-05-15,False
11,2,Spain,La Liga,2016/2017,male,False,False,34,34,0,0.0,107.4,0.0,2016-08-20,2017-05-21,False
11,1,Spain,La Liga,2017/2018,male,False,False,36,36,0,0.0,117.3,0.0,2017-08-20,2018-05-20,False
11,4,Spain,La Liga,2018/2019,male,False,False,34,34,0,0.0,113.2,0.0,2018-08-18,2019-05-19,False
11,42,Spain,La Liga,2019/2020,male,False,False,33,33,0,0.0,110.7,0.0,2019-09-21,2020-07-19,False
11,90,Spain,La Liga,2020/2021,male,False,False,35,35,35,1.0,119.3,321.6,2020-09-27,2021-05-16,True
182,281,Spain,Liga F,2023/2024,female,False,False,240,240,0,0.0,733.0,0.0,2023-09-15,2024-06-16,False
81,275,Argentina,Liga Profesional,1981,male,False,False,1,1,0,0.0,2.7,0.0,1981-04-10,1981-04-10,False
81,48,Argentina,Liga Profesional,1997/1998,male,False,False,1,1,0,0.0,3.1,0.0,1997-10-25,1997-10-25,False
7,27,France,Ligue 1,2015/2016,male,False,False,377,377,0,0.0,1161.5,0.0,2015-08-07,2016-05-14,False
7,108,France,Ligue 1,2021/2022,male,False,False,26,26,26,1.0,88.0,217.4,2021-08-29,2022-05-21,True
7,235,France,Ligue 1,2022/2023,male,False,False,32,32,32,1.0,112.0,286.8,2022-08-06,2023-06-03,True
44,107,United States of America,Major League Soccer,2023,male,False,False,6,6,6,1.0,18.8,41.2,2023-08-27,2023-10-22,True
49,3,United States of America,NWSL,2018,female,False,False,36,36,0,0.0,99.0,0.0,2018-04-15,2018-08-12,False
49,107,United States of America,NWSL,2023,female,False,False,137,137,0,0.0,402.1,0.0,2023-03-25,2023-11-12,False
116,68,North and Central America,North American League,1977,male,False,False,1,1,0,0.0,2.8,0.0,1977-08-28,1977-08-28,False
2,44,England,Premier League,2003/2004,male,False,False,38,38,0,0.0,110.0,0.0,2003-08-16,2004-05-15,False
2,27,England,Premier League,2015/2016,male,False,False,380,380,0,0.0,1129.3,0.0,2015-08-08,2016-05-17,False
12,86,Italy,Serie A,1986/1987,male,False,False,1,1,0,0.0,2.6,0.0,1986-11-09,1986-11-09,False
12,27,Italy,Serie A,2015/2016,male,False,False,380,380,0,0.0,1156.3,0.0,2015-08-22,2016-05-15,False
131,281,Italy,Serie A Women,2023/2024,female,False,False,130,130,0,0.0,374.9,0.0,2023-09-16,2024-05-19,False
55,43,Europe,UEFA Euro,2020,male,False,True,51,51,51,1.0,163.3,377.6,2021-06-11,2021-07-11,True
55,282,Europe,UEFA Euro,2024,male,False,True,51,51,51,1.0,160.1,399.2,2024-06-14,2024-07-14,True
35,75,Europe,UEFA Europa League,1988/1989,male,False,False,3,3,0,0.0,8.7,0.0,1989-03-15,1989-05-03,False
53,106,Europe,UEFA Women's Euro,2022,female,False,True,31,31,31,1.0,91.7,197.0,2022-07-06,2022-07-31,True
53,315,Europe,UEFA Women's Euro,2025,female,False,True,31,31,31,1.0,92.0,199.5,2025-07-02,2025-07-27,True
72,30,International,Women's World Cup,2019,female,False,True,52,52,0,0.0,153.2,0.0,2019-06-07,2019-07-07,False
72,107,International,Women's World Cup,2023,female,False,True,64,64,64,1.0,197.5,422.8,2023-07-20,2023-08-20,True
